CREATE DATABASE BD21173;
USE BD21173;

CREATE TABLE cidades(
	id INT NOT NULL AUTO_INCREMENT PRIMARY KEY,
	nome VARCHAR(50),
	uf VARCHAR (2),
	pais VARCHAR(3)
);

INSERT INTO cidades VALUES (NULL, "Cajamar", "SP", "BRA");
INSERT INTO cidades VALUES (NULL, "Guarulhos", "SP", "BRA");
INSERT INTO cidades VALUES (NULL, "Campinas", "SP", "BRA");
INSERT INTO cidades VALUES (NULL, "São Bernardo dos Campos", "SP", "BRA");
INSERT INTO cidades VALUES (NULL, "São José dos Campos", "SP", "BRA");
INSERT INTO cidades VALUES (NULL, "Santo André", "SP", "BRA");
INSERT INTO cidades VALUES (NULL, "Ribeirão Preto", "SP", "BRA");
INSERT INTO cidades VALUES (NULL, "Osasco", "SP", "BRA");
INSERT INTO cidades VALUES (NULL, "São Paulo", "SP", "BRA");
INSERT INTO cidades VALUES (NULL, "Sorocaba", "SP", "BRA");

CREATE TABLE produto(
	codigo VARCHAR (13) PRIMARY KEY,
	descricao VARCHAR (50),
	unidade VARCHAR (2),
	pr_custo DECIMAL (10,2),
	pr_venda DECIMAL (10,2),
	saldoestoque DECIMAL (10,2)
);

INSERT INTO produto VALUES ("0778276389111","WheyProtein Concentrado 1KG","UN",80.00,100.00,5000.00);
INSERT INTO produto VALUES ("0778276389112","WheyProtein Isolado 1KG","UN",100.00,140.00,3000.00);
INSERT INTO produto VALUES ("0778276389113","WheyProtein Médio 1KG","UN",60.00,85.00,2000.00);
INSERT INTO produto VALUES ("0778276389114","Creatina Monohidratada 250G","UN",120.00,160.00,900.00);
INSERT INTO produto VALUES ("0778276389115","Creatina Monohidratada 100G","UN",100.00,120.00,900.00);
INSERT INTO produto VALUES ("0778276389116","Cafeina 120Caps 210mg","UN",70.00,80.00,500.00);
INSERT INTO produto VALUES ("0778276389117","Cafeina 120Caps 420mg","UN",90.00,100.00,500.00);
INSERT INTO produto VALUES ("0778276389118","Barra de proteina recheada","UN",1.00,3.50,100.00);
INSERT INTO produto VALUES ("0778276389119","Multivitaminico 120Caps","UN",50.00,65.00,500.00);
INSERT INTO produto VALUES ("0778276389121","Hipercalórico 1KG","UN",80.00,100.00,400.00);

CREATE TABLE cliente(
	nome VARCHAR(50),
	cpf VARCHAR (14) PRIMARY KEY,
	cep VARCHAR (8),
	bairro VARCHAR (30),
	telefone VARCHAR(30),
	email VARCHAR(40),
	endereco VARCHAR (50),
	id_cidade INT (11),
	FOREIGN KEY (id_cidade) REFERENCES cidades (id)
);

INSERT INTO cliente VALUES ("Fidel","123456789-10","07790890","Portal dos Ipês","11943010919", "Fidelshippuden90@gmail.com","Rua Cedral,720",1);
INSERT INTO cliente VALUES ("Gean","123456789-11","07790890","Portal dos Ipês","11995185096","Geandarota@gmail.com","Rua Cedral,720",2);
INSERT INTO cliente VALUES ("João","123456789-12","07790890","Portal dos Ipês","11995345096","JoaodoGalhogrande@gmail.com","Rua Cedral,720",3);
INSERT INTO cliente VALUES ("Gabriel","123456789-13","07790890","Portal dos Ipês","11985180096","Gabrielkbçbaixa@gmail.com","Rua Cedral,720",4);
INSERT INTO cliente VALUES ("Ketyllen","123456789-14","07790890","Portal dos Ipês","11995321096","Ketzinhaa@gmail.com","Rua Cedral,720",5);
INSERT INTO cliente VALUES ("Jijo","123456789-15","07790890","Portal dos Ipês","11948145376","Jijão_do_banco@gmail.com","Rua Cedral,720",6);
INSERT INTO cliente VALUES ("Ikaro","123456789-16","07790890","Portal dos Ipês","11995199996","IKaro_celestial@gmail.com","Rua Cedral,720",7);
INSERT INTO cliente VALUES ("Maria","123456789-17","07790890","Portal dos Ipês","11963185096","Duda99@gmail.com","Rua Cedral,720",8);
INSERT INTO cliente VALUES ("Marcos","123456789-18","07790890","Portal dos Ipês","11995179096","Chefe_alfa5@gmail.com","Rua Cedral,720",9);
INSERT INTO cliente VALUES ("Wellington","123456789-19","07790890","Portal dos Ipês","11975199598","KINGuston@gmail.com","Rua Cedral,720",10);

CREATE TABLE fornecedor(
	cnpj VARCHAR (15) PRIMARY KEY,
	nome VARCHAR (50),
	endereco VARCHAR (50),
	bairro VARCHAR (30),
	cep VARCHAR (8),
	telefone VARCHAR (30),
	email VARCHAR (50),
	id_cidade INT (11),
   FOREIGN KEY (id_cidade) REFERENCES cidades (id)
);

INSERT INTO fornecedor VALUES ("45168173829","Growth","Av.palmeiras 520","Portal dos Ipês","07790890","11957649494","Gsuplementos@gmail.com",1);
INSERT INTO fornecedor VALUES ("45068173845","Maxtitanium","Av.palmeiras 520","Portal dos Ipês","07790890","11959649123","Maxtitanium@gmail.com",2);
INSERT INTO fornecedor VALUES ("45068373875","IntegralMédica","Av.palmeiras 520","Portal dos Ipês","07790890","11957649523","Integral@gmail.com",3);
INSERT INTO fornecedor VALUES ("45068173225","Probiótica","Av.palmeiras 520","Portal dos Ipês","07790890","11957123123","Probiotica@gmail.com",4);
INSERT INTO fornecedor VALUES ("45068171845","Bold","Av.palmeiras 520","Portal dos Ipês","07790890","11957654323","Boldoficial@gmail.com",5);
INSERT INTO fornecedor VALUES ("45008173845","Cbum","Av.palmeiras 520","Portal dos Ipês","07790890","11928649123","Cbum@gmail.com",6);
INSERT INTO fornecedor VALUES ("45068174365","Oficialfarma","Av.palmeiras 520","Portal dos Ipês","07790890","11957649000","Oficialfarma@gmail.com",7);
INSERT INTO fornecedor VALUES ("45068999845","Nutrafor","Av.palmeiras 520","Portal dos Ipês","07790890","11957649090","Nutrafor@gmail.com",8);
INSERT INTO fornecedor VALUES ("45099773845","Corpoperfeito","Av.palmeiras 520","Portal dos Ipês","07790890","12557649123","Corpoperfeito@gmail.com",9);
INSERT INTO fornecedor VALUES ("45068173846","LojaMaromba","Av.palmeiras 520","Portal dos Ipês","07790890","11957649233","Lojamaromba@gmail.com",10);


CREATE TABLE compras(
	id INT NOT NULL AUTO_INCREMENT PRIMARY KEY,
	data_compra DATE,
	quantidade DECIMAL (10,2),
	pr_custo DECIMAL (10,2),
	cnpj_fornecedor VARCHAR (15),
	codigo_produto VARCHAR (13),
	FOREIGN KEY (cnpj_fornecedor) REFERENCES fornecedor (cnpj),
	FOREIGN KEY (codigo_produto) REFERENCES produto (codigo)
);

INSERT INTO compras VALUES (NULL,"2022-06-01",60.00,100.00,"45168173829","0778276389113");
INSERT INTO compras VALUES (NULL,"2022-06-01",100.00,80.00,"45068173845","0778276389111");
INSERT INTO compras VALUES (NULL,"2022-06-05",500.00,100.00,"45068373875","0778276389116");
INSERT INTO compras VALUES (NULL,"2022-06-09",1200.00,60.00,"45068173225","0778276389121");
INSERT INTO compras VALUES (NULL,"2022-07-02",3400.00,800.00,"45068171845","0778276389121");
INSERT INTO compras VALUES (NULL,"2022-08-13",450.00,120.00,"45099773845","0778276389121");
INSERT INTO compras VALUES (NULL,"2022-08-15",110.00,70.00,"45068171845","0778276389121");
INSERT INTO compras VALUES (NULL,"2022-09-23",200.00,120.00,"45068173225","0778276389114");
INSERT INTO compras VALUES (NULL,"2022-09-26",400.00,90.00,"45068174365","0778276389114");
INSERT INTO compras VALUES (NULL,"2022-10-07",500.00,70.00,"45068173846","0778276389114");
INSERT INTO compras VALUES (NULL,"2022-10-07",100.00,100.00,"45068173225","0778276389121");
INSERT INTO compras VALUES (NULL,"2022-10-08",100.00,100.00,"45168173829","0778276389119");
INSERT INTO compras VALUES (NULL,"2022-10-30",100.00,100.00,"45068373875","0778276389114");
INSERT INTO compras VALUES (NULL,"2022-11-02",5500.00,100.00,"45068173845","0778276389119");
INSERT INTO compras VALUES (NULL,"2022-11-05",1000.00,100.00,"45068173846","0778276389121");
INSERT INTO compras VALUES (NULL,"2022-11-11",230.00,100.00,"45168173829","0778276389119");
INSERT INTO compras VALUES (NULL,"2022-11-22",2000.00,100.00,"45099773845","0778276389119");
INSERT INTO compras VALUES (NULL,"2022-12-10",500.00,100.00,"45068171845","0778276389119");
INSERT INTO compras VALUES (NULL,"2022-12-11",100.00,100.00,"45008173845","0778276389119");
INSERT INTO compras VALUES (NULL,"2022-12-17",2000.00,100.00,"45168173829","0778276389119");

CREATE TABLE vendas(
	id INT NOT NULL AUTO_INCREMENT PRIMARY KEY,
	data_venda DATE,
	quantidade DECIMAL (10,2),
	pr_venda DECIMAL (10,2),
	cpf_cliente VARCHAR (15),
   FOREIGN KEY (cpf_cliente) REFERENCES cliente (cpf),
	codigo_produto VARCHAR (13),
   FOREIGN KEY (codigo_produto) REFERENCES produto (codigo)
);
	
INSERT INTO vendas VALUES (NULL,"2022-06-01",60.00,100.00,"123456789-10","0778276389113");
INSERT INTO vendas VALUES (NULL,"2022-06-01",100.00,140.00,"123456789-10","0778276389111");
INSERT INTO vendas VALUES (NULL,"2022-06-05",500.00,100.00,"123456789-10","0778276389116");
INSERT INTO vendas VALUES (NULL,"2022-06-09",1200.00,160.00,"123456789-10","0778276389121");
INSERT INTO vendas VALUES (NULL,"2022-07-02",3400.00,500.00,"123456789-12","0778276389121");
INSERT INTO vendas VALUES (NULL,"2022-08-13",450.00,120.00,"123456789-12","0778276389121");
INSERT INTO vendas VALUES (NULL,"2022-08-15",110.00,100.00,"123456789-12","0778276389121");
INSERT INTO vendas VALUES (NULL,"2022-09-23",200.00,120.00,"123456789-12","0778276389114");
INSERT INTO vendas VALUES (NULL,"2022-09-26",400.00,140.00,"123456789-15","0778276389114");
INSERT INTO vendas VALUES (NULL,"2022-10-07",500.00,80.00,"123456789-15","0778276389114");
INSERT INTO vendas VALUES (NULL,"2022-10-07",100.00,100.00,"123456789-17","0778276389121");
INSERT INTO vendas VALUES (NULL,"2022-10-08",100.00,100.00,"123456789-17","0778276389119");
INSERT INTO vendas VALUES (NULL,"2022-10-30",100.00,140.00,"123456789-13","0778276389114");
INSERT INTO vendas VALUES (NULL,"2022-11-02",5500.00,180.00,"123456789-13","0778276389119");
INSERT INTO vendas VALUES (NULL,"2022-11-05",1000.00,100.00,"123456789-13","0778276389121");
INSERT INTO vendas VALUES (NULL,"2022-11-11",230.00,500.00,"123456789-18","0778276389119");
INSERT INTO vendas VALUES (NULL,"2022-11-22",2000.00,100.00,"123456789-18","0778276389119");
INSERT INTO vendas VALUES (NULL,"2022-12-10",500.00,100.00,"123456789-18","0778276389119");
INSERT INTO vendas VALUES (NULL,"2022-12-11",100.00,140.00,"123456789-19","0778276389119");
INSERT INTO vendas VALUES (NULL,"2022-12-17",2000.00,160.00,"123456789-19","0778276389119");



